Price,Open,High,Low,Vol,Change
183.30,183.80,187.50,183.00,35.69,-0.27
183.80,185.00,186.80,183.00,19.22,0.27
183.30,185.40,185.40,181.90,18.71,-1.19
185.50,180.50,186.00,179.10,33.83,2.94
180.20,182.50,183.10,179.70,14.21,-0.72
181.50,180.30,182.90,179.00,24.21,0.67
180.30,182.40,183.30,178.70,20.44,-0.66
181.50,173.70,182.50,173.20,38.94,5.28
172.40,172.20,173.20,169.60,16.20,0.41
171.70,170.40,172.50,167.00,22.60,0.76
170.40,170.40,172.10,169.10,14.92,0.24
170.00,174.50,175.40,168.80,16.55,-2.41
174.20,172.00,175.90,170.40,25.25,1.28
172.00,178.70,179.00,172.00,21.75,-3.75
178.70,181.60,181.70,178.60,13.89,-1.00
180.50,180.30,182.70,179.80,20.70,0.84
179.00,182.10,183.50,178.10,21.74,-1.43
181.60,186.00,188.40,179.60,36.49,-1.89
185.10,188.50,188.70,185.10,14.58,-1.80
188.50,186.30,188.50,183.80,20.99,2.22
184.40,188.00,188.70,183.50,20.66,-1.39
187.00,180.50,187.00,180.50,36.15,3.72
180.30,179.00,181.60,176.60,25.43,0.56
179.30,181.30,182.30,177.30,20.73,-1.10
181.30,184.30,185.00,178.70,20.26,-1.04
183.20,183.10,187.00,182.50,25.12,0.33
182.60,180.60,187.70,178.50,41.75,1.39
180.10,178.30,181.80,177.20,37.75,2.04
176.50,177.60,178.40,173.70,28.54,-0.17
176.80,166.80,176.90,166.80,33.41,6.38
166.20,162.50,168.90,162.50,41.84,2.66
161.90,161.00,166.20,160.40,33.83,0.12
161.70,155.50,165.40,154.70,62.54,3.99
155.50,153.90,157.00,151.40,31.43,0.97
154.00,152.50,154.80,151.90,26.73,0.98
152.50,151.20,154.20,149.40,33.51,1.87
149.70,152.30,152.80,147.40,32.98,-1.64
152.20,152.50,153.50,151.60,26.60,0.59
151.30,150.40,151.60,148.50,22.90,0.07
151.20,151.00,151.70,149.00,28.60,0.93
149.80,146.70,150.50,146.70,42.29,2.88
145.60,149.00,150.60,145.50,35.82,-1.89
148.40,150.80,153.20,148.00,26.95,-1.59
150.80,146.50,151.90,145.10,44.36,2.94
146.50,140.70,146.50,140.50,35.65,4.42
140.30,148.90,149.60,140.30,22.95,-5.46
148.40,143.40,150.00,143.10,39.70,4.07
142.60,143.10,144.00,138.60,44.46,-3.06
147.10,146.40,147.80,143.90,33.86,0.55
146.30,144.00,146.90,143.30,31.32,1.53
144.10,142.00,145.40,141.70,30.27,1.84
141.50,144.60,145.60,141.20,23.68,-2.08
144.50,139.50,145.50,138.60,45.38,4.03
138.90,141.50,145.00,138.50,33.03,-1.84
141.50,149.10,150.70,140.70,48.70,-2.21
144.70,144.40,148.20,141.90,52.56,2.41
141.30,140.20,142.90,138.20,40.04,1.51
139.20,139.00,141.10,137.50,30.00,-0.22
139.50,134.40,139.70,134.00,15.26,3.56
134.70,127.90,135.00,127.90,39.19,5.56
127.60,129.40,130.40,126.90,32.07,-1.31
129.30,130.70,132.60,129.20,20.62,-0.23
129.60,131.60,132.60,128.60,29.06,-1.97
132.20,135.20,136.20,131.00,19.67,-2.15
135.10,138.00,138.70,134.10,20.98,-1.82
137.60,135.80,138.90,135.20,25.94,0.95
136.30,136.60,138.30,135.10,15.40,0.07
136.20,136.10,138.50,134.40,25.28,-0.58
137.00,133.40,138.00,131.10,32.79,3.01
133.00,133.00,134.90,131.20,27.39,0.53
132.30,137.80,137.90,129.90,45.13,-4.55
138.60,137.50,143.80,136.60,47.31,0.80
137.50,141.60,141.80,136.50,39.27,-0.36
138.00,137.50,139.30,136.50,39.98,0.88
136.80,140.30,141.60,135.40,52.83,-2.56
140.40,148.30,148.40,137.20,65.72,-5.90
149.20,155.20,155.80,149.10,36.61,-3.18
154.10,144.60,158.50,144.20,83.82,6.87
144.20,137.50,146.50,137.40,53.12,4.95
137.40,129.70,138.60,129.50,42.91,5.86
129.80,129.90,130.80,128.20,24.86,0.00
129.80,135.00,135.30,129.00,27.38,-3.85
135.00,135.30,136.70,132.00,39.39,-1.75
137.40,138.60,139.40,136.80,26.66,-0.87
138.60,135.80,141.30,134.00,38.79,2.44
135.30,135.10,136.00,132.30,31.22,0.59
134.50,132.30,134.80,131.60,41.71,2.13
131.70,129.00,132.70,129.00,42.48,2.97
127.90,130.20,131.30,126.70,24.93,-1.54
129.90,128.80,130.60,126.90,25.49,01.09
128.50,121.30,133.30,121.30,88.44,06.02
121.20,116.80,122.00,116.80,57.46,3.95
116.60,119.30,119.90,116.20,31.10,-2.26
119.30,120.30,120.70,118.30,24.52,0.08
119.20,123.00,123.40,118.90,32.31,-3.17
123.10,120.50,123.70,120.20,43.49,5.12
117.10,117.50,119.70,116.30,36.64,-1.43
118.80,118.90,119.90,117.10,30.05,1.80
116.70,113.50,117.80,113.50,36.12,-0.60
117.40,117.30,118.40,115.30,30.96,0.09
117.30,118.20,120.70,115.80,45.53,-0.85
118.30,119.70,120.70,116.60,26.64,-1.33
119.90,117.00,119.90,114.90,36.53,2.48
117.00,117.70,118.20,115.00,42.82,0.86
116.00,117.00,118.50,114.00,51.09,-1.28
117.50,122.80,125.70,114.20,100.18,-2.41
120.40,112.30,120.60,112.10,73.40,8.96
110.50,117.50,117.70,108.00,69.70,-5.96
117.50,113.40,121.00,113.20,76.89,4.63
112.30,117.70,123.00,111.10,78.52,-9.00
123.40,121.80,124.00,120.20,58.85,1.40
121.70,117.30,121.90,117.00,57.04,3.93
117.10,117.10,117.80,115.80,35.02,0.69
116.30,116.10,119.90,114.20,72.62,0.35
115.90,117.10,118.10,113.80,61.96,-0.94
117.00,110.30,118.60,109.70,90.00,06.07
110.30,108.20,111.20,108.00,51.76,1.94
108.20,112.00,114.00,105.70,96.92,-3.57
112.20,106.00,112.20,104.90,76.78,6.45
105.40,102.10,106.00,100.30,75.41,3.64
101.70,97.95,101.90,96.95,88.34,3.72
98.05,94.00,99.55,93.55,78.39,4.92
93.45,90.00,94.30,89.50,99.83,3.83
90.00,86.00,90.35,85.05,86.60,4.65
86.00,82.70,87.15,82.70,77.78,6.17
81.00,84.05,84.60,80.65,33.62,-3.28
83.75,83.10,84.55,82.75,20.14,1.21
82.75,84.05,84.15,81.65,20.95,-1.61
84.10,84.00,84.75,82.15,31.34,0.36
83.80,83.75,85.05,83.30,28.00,-0.24
84.00,80.70,84.30,80.45,44.85,04.09
80.70,79.30,80.90,79.10,30.05,1.77
79.30,79.85,80.80,78.20,42.29,-0.44
79.65,78.20,80.20,77.25,48.32,1.98
78.10,81.90,82.25,78.10,50.27,-4.46
81.75,81.35,82.30,81.00,24.10,0.25
81.55,85.75,85.85,81.45,51.63,-4.84
85.70,85.95,86.35,85.05,22.94,-0.29
85.95,86.90,88.45,85.60,27.24,-0.29
86.20,88.50,88.75,85.50,32.50,-2.49
88.40,88.55,89.60,87.55,27.98,0.17
88.25,88.15,89.00,87.45,20.49,-0.51
88.70,88.80,90.05,88.50,23.59,-0.11
88.80,88.20,89.25,87.20,24.68,0.68
88.20,89.65,90.60,87.50,34.85,-1.62
89.65,85.85,89.95,84.65,51.43,4.43
85.85,85.00,87.00,84.30,45.58,0.82
85.15,84.10,85.55,83.40,24.08,1.31
84.05,82.20,84.20,81.55,32.84,2.50
82.00,80.75,82.00,80.15,19.91,1.67
80.65,82.35,82.45,80.05,20.52,-2.06
82.35,81.30,82.40,80.95,19.99,1.60
81.05,80.80,81.90,80.05,21.43,1.00
80.25,78.35,80.55,77.45,30.23,2.49
78.30,78.55,80.15,77.30,41.78,-0.32
78.55,78.50,80.25,78.20,33.73,-0.32
78.80,78.35,79.35,77.85,23.15,0.57
78.35,77.90,79.70,77.50,27.03,0.19
78.20,76.65,78.45,76.50,23.87,2.09
76.60,77.05,77.95,76.15,28.64,-0.91
77.30,75.50,78.35,75.20,46.38,2.38
75.50,75.30,75.80,74.60,21.40,0.87
74.85,73.45,75.35,73.45,27.67,1.84
73.50,72.95,73.80,72.20,26.51,1.38
72.50,73.20,73.80,72.40,27.82,-0.96
73.20,74.00,74.65,73.20,15.73,-1.01
73.95,74.40,74.90,73.00,30.26,-0.60
74.40,74.00,74.65,72.90,21.48,0.54
74.00,72.75,74.00,72.50,15.69,1.86
72.65,72.05,73.45,70.85,35.53,0.83
72.05,70.00,72.95,69.75,44.64,3.22
69.80,70.15,71.00,69.00,22.79,-0.14
69.90,70.10,71.20,69.75,26.17,-1.20
70.75,68.00,71.00,67.40,45.21,3.97
68.05,67.65,68.65,67.65,21.70,0.74
67.55,69.25,69.30,67.50,16.67,-2.38
69.20,69.00,69.30,68.25,13.79,0.00
69.20,69.50,70.60,69.00,21.84,-0.14
69.30,71.00,71.30,68.85,29.56,-2.39
71.00,71.20,71.65,70.00,28.45,-0.35
71.25,71.00,71.35,69.50,36.65,0.07
71.20,71.30,71.65,70.60,23.09,0.28
71.00,70.35,71.25,70.05,23.51,1.00
70.30,70.45,71.40,69.90,30.70,0.14
70.20,70.20,70.90,69.75,25.35,0.00
70.20,69.45,70.35,69.30,21.24,01.08
69.45,69.90,71.80,69.00,36.83,-1.00
70.15,68.40,70.15,68.40,28.60,2.56
68.40,67.70,68.70,67.40,27.60,1.26
67.55,69.05,69.45,67.40,24.46,-2.10
69.00,68.70,69.55,68.10,35.05,0.89
68.39,67.69,69.19,67.69,37.11,0.66
67.94,65.39,68.04,64.79,27.75,3.11
65.89,67.39,67.99,65.29,25.65,-2.80
67.79,67.34,68.29,66.39,39.45,0.67
67.34,67.59,67.79,66.39,25.16,-0.53
67.70,68.70,69.70,67.45,31.13,-0.95
68.35,68.30,69.10,67.40,36.26,0.51
68.00,66.00,68.20,65.75,56.32,3.03
66.00,65.85,67.30,65.70,38.59,0.30
65.80,65.40,66.50,64.90,34.63,0.84
65.25,65.05,66.35,64.80,35.61,-0.15
65.35,63.75,65.35,63.65,30.82,2.83
63.55,64.95,65.70,62.95,40.27,-2.46
65.15,64.35,66.80,63.65,54.26,2.60
63.50,64.50,65.40,62.95,48.80,-0.55
63.85,61.00,64.30,61.00,44.14,4.93
60.85,61.25,62.65,60.65,32.64,-1.06
61.50,60.25,62.00,60.05,39.54,2.16
60.20,60.40,60.90,60.20,07.09,-1.07
60.85,60.40,61.25,59.80,28.32,0.00
60.85,60.25,61.30,60.25,34.36,-0.25
61.00,58.25,61.55,57.35,65.76,4.54
58.35,57.70,58.90,57.00,29.02,1.30
57.60,59.10,59.50,57.30,24.24,-2.95
59.35,59.10,60.65,58.90,34.85,1.89
58.25,56.80,58.95,56.80,28.68,2.10
57.05,56.75,57.15,55.85,27.56,1.87
56.00,55.40,56.60,54.70,35.29,1.17
55.35,56.25,57.45,55.00,42.08,-1.34
56.10,56.70,57.85,55.65,29.31,-1.06
56.70,58.75,59.00,56.45,22.56,-3.49
58.75,58.05,58.85,57.55,24.88,1.03
58.15,58.75,59.00,57.65,29.02,-1.44
59.00,61.60,61.60,58.55,27.62,-3.52
61.15,57.65,61.55,57.05,39.81,5.80
57.80,56.35,58.60,55.85,42.27,2.85
56.20,58.45,59.85,56.20,46.63,-3.77
58.40,59.35,59.80,57.10,37.76,-1.43
59.25,59.00,59.85,58.80,27.97,0.00
59.25,59.30,59.85,58.50,28.66,0.00
59.25,61.40,61.60,58.90,37.55,-3.11
61.15,62.20,62.85,61.15,30.40,-2.08
62.45,59.40,63.80,59.40,78.14,5.31
59.30,59.60,60.05,59.00,35.31,0.17
59.20,58.80,59.40,58.35,31.90,0.94
58.65,58.30,58.75,57.80,36.24,1.56
57.75,57.90,58.55,57.65,23.48,-0.60
58.10,57.60,58.50,57.55,17.53,1.31
57.35,58.30,58.55,57.15,16.30,-1.71
58.35,56.05,58.70,55.55,26.84,4.29
55.95,55.40,56.10,54.10,29.33,1.91
54.90,56.95,57.20,54.75,37.45,-2.75
56.45,56.15,57.30,56.10,28.09,0.80
56.00,57.15,57.45,56.00,17.75,-2.01
57.15,57.25,58.15,57.05,19.22,-0.61
57.50,56.95,58.10,56.70,30.72,1.23
56.80,57.10,57.35,55.85,21.96,-1.47
57.65,59.25,59.45,57.55,23.94,-2.70
59.25,58.40,59.95,58.40,29.42,1.46
58.40,57.10,58.95,56.20,32.73,2.28
57.10,56.20,57.55,56.05,24.03,1.06
56.50,54.50,56.55,54.35,36.57,3.67
54.50,55.50,55.55,54.25,27.67,-1.09
55.10,56.05,56.50,54.75,27.85,-1.87
56.15,56.85,57.50,55.40,27.94,-0.80
56.60,57.75,58.45,56.40,26.12,-2.50
58.05,58.25,59.15,57.80,28.17,-1.36
58.85,58.05,58.95,57.75,22.75,1.90
57.75,58.70,59.25,57.60,23.24,-1.62
58.70,57.65,58.85,57.05,30.22,2.00
57.55,58.25,58.55,57.25,25.52,-1.37
58.35,56.70,58.35,56.55,34.58,2.28
57.05,58.15,58.80,56.65,30.91,-1.55
57.95,59.30,59.75,57.40,32.65,-2.11
59.20,57.80,59.65,57.80,43.72,1.63
58.25,56.65,58.75,56.55,44.25,3.56
56.25,58.00,58.70,56.05,48.59,-0.88
56.75,57.95,58.60,55.60,51.37,-6.66
60.80,62.35,62.80,60.25,35.20,-3.95
63.30,62.75,64.20,62.45,50.07,1.28
62.50,62.75,63.35,61.55,34.32,-0.40
62.75,62.80,63.50,62.45,29.72,0.08
62.70,64.95,65.90,62.60,52.63,-2.94
64.60,64.35,65.40,64.05,42.46,0.23
64.45,62.40,64.60,62.15,30.02,2.63
62.80,64.40,64.40,62.65,22.06,-2.33
64.30,63.25,64.80,63.05,48.90,1.66
63.25,63.40,64.80,63.00,32.93,0.40
63.00,63.00,63.70,62.55,22.69,-0.24
63.15,63.75,64.85,62.80,30.98,-0.55
63.50,63.30,63.75,62.75,24.50,0.40
63.25,63.90,64.05,62.85,27.81,-0.86
63.80,64.85,66.10,63.60,42.55,-1.69
64.90,65.30,65.60,64.20,33.86,-0.15
65.00,64.65,65.45,64.10,63.81,0.70
64.55,63.20,65.00,63.05,60.44,1.97
63.30,61.10,64.00,60.50,64.18,4.20
60.75,60.20,61.60,59.85,43.40,01.08
60.10,60.70,61.20,59.70,38.46,2.74
58.50,57.20,58.60,56.95,31.20,2.72
56.95,56.45,56.95,55.45,23.24,1.24
56.25,59.10,59.35,55.55,31.25,-4.01
58.60,60.00,60.35,58.30,39.11,-2.17
59.90,59.05,60.40,58.75,28.29,1.70
58.90,59.90,60.40,58.55,25.24,-1.67
59.90,61.85,62.35,59.90,35.28,-3.00
61.75,61.70,62.15,60.75,35.92,0.41
61.50,60.70,61.50,60.30,38.51,1.32
60.70,60.30,61.00,60.05,25.04,2.27
59.35,60.50,61.15,58.80,35.08,-1.33
60.15,58.60,60.50,58.30,38.37,4.43
57.60,57.00,58.45,56.85,33.63,1.05
57.00,58.10,58.50,56.60,41.80,-2.23
58.30,60.65,60.75,58.10,21.20,-3.87
60.65,61.00,61.70,60.15,33.50,0.33
60.45,59.35,61.40,59.15,45.92,2.46
59.00,59.50,59.85,58.50,44.86,-0.34
59.20,60.40,60.75,59.20,31.68,-1.99
60.40,58.95,60.60,58.35,34.92,2.98
58.65,60.30,60.90,58.35,47.35,-2.41
60.10,58.70,60.25,58.70,53.57,4.43
57.55,60.00,60.50,57.40,29.78,-3.44
59.60,60.15,60.25,59.45,21.38,-0.75
60.05,59.50,60.50,59.20,32.31,1.35
59.25,60.50,60.90,59.15,27.19,-2.07
60.50,61.55,62.60,60.50,48.87,-1.63
61.50,61.60,62.00,60.95,32.85,0.16
61.40,62.40,63.50,61.30,73.86,-1.29
62.20,61.95,63.40,61.90,48.11,1.22
61.45,61.00,61.95,60.95,45.86,1.24
60.70,60.10,61.20,59.95,35.39,1.25
59.95,61.00,61.45,59.55,28.43,-1.48
60.85,62.15,62.85,60.80,45.55,-2.48
62.40,63.40,63.90,62.30,37.21,-1.58
63.40,63.40,64.55,63.20,44.11,0.00
63.40,62.40,64.00,62.40,54.76,1.60
62.40,62.50,62.85,61.65,40.60,0.16
62.30,62.45,63.05,61.05,47.05,-0.16
62.40,62.30,63.05,61.85,38.29,0.32
62.20,62.20,63.20,61.50,48.31,0.16
62.10,61.00,62.35,60.90,50.93,2.22
60.75,61.55,62.00,60.45,50.13,-2.10
62.05,59.50,62.25,58.65,67.95,4.99
59.10,57.55,59.85,57.40,58.76,2.87
57.45,58.50,58.90,57.15,37.60,-1.46
58.30,58.15,58.60,57.35,38.92,0.87
57.80,59.25,59.60,57.80,42.59,-1.53
58.70,57.95,58.90,57.10,38.89,1.82
57.65,57.75,58.55,56.90,29.09,-0.09
57.70,58.70,59.35,57.25,31.10,-1.45
58.55,57.85,59.20,57.55,38.37,0.77
58.10,59.45,60.05,58.10,64.50,-0.68
58.50,59.10,59.10,58.45,10.14,-0.51
58.80,58.65,59.25,58.15,42.43,0.60
58.45,54.10,58.55,54.10,51.08,8.54
53.85,52.80,54.75,52.40,35.32,2.67
52.45,52.20,53.30,51.55,27.61,0.00
52.45,55.00,56.00,51.80,40.11,-4.46
54.90,55.60,55.85,54.20,36.52,-2.14
56.10,55.80,56.80,55.50,36.93,1.17
55.45,55.70,56.95,55.25,44.83,-0.45
55.70,54.00,56.45,52.10,70.10,5.09
53.00,55.60,55.95,52.85,45.06,-3.99
55.20,56.35,58.00,55.00,57.63,-2.04
56.35,57.95,58.45,56.20,64.62,-2.68
57.90,56.40,58.55,56.40,98.02,3.49
55.95,56.00,56.60,55.60,35.42,-0.44
56.20,55.15,56.60,55.00,36.27,1.90
55.15,57.65,57.70,54.85,32.97,-4.34
57.65,56.60,57.70,56.05,30.40,2.22
56.40,55.75,56.80,55.15,33.42,1.44
55.60,56.10,56.90,55.20,34.66,-0.36
55.80,56.70,57.40,54.95,47.14,-1.41
56.60,60.00,60.05,56.45,43.41,-3.33
58.55,57.65,59.10,57.40,48.48,2.27
57.25,55.20,57.25,55.15,42.70,4.28
54.90,56.55,57.40,54.90,68.49,-3.00
56.60,58.55,59.20,56.60,46.99,-3.33
58.55,59.40,60.30,58.20,37.33,-1.10
59.20,60.00,60.90,59.00,36.06,-1.33
60.00,61.00,61.95,59.00,71.16,-1.48
60.90,63.25,64.80,60.90,63.13,-3.72
63.25,66.50,67.30,63.20,50.80,-4.89
66.50,63.50,67.25,63.45,76.75,5.06
63.30,62.40,64.35,61.25,60.83,1.44
62.40,60.40,62.70,59.80,75.58,3.31
60.40,60.00,60.65,58.95,68.78,1.43
59.55,58.65,59.55,58.25,44.22,1.79
58.50,58.50,59.85,58.05,71.03,0.34
58.30,55.90,59.95,55.70,86.10,4.39
55.85,54.90,56.50,54.80,50.93,1.73
54.90,55.05,55.05,53.25,57.46,-0.09
54.95,53.50,55.60,53.00,98.03,2.81
53.45,53.35,53.90,52.45,76.92,2.59
52.10,51.65,52.60,51.20,84.71,1.46
51.35,51.30,51.85,50.90,45.38,0.20
51.25,52.50,52.70,51.25,46.60,-2.01
52.30,52.50,52.55,51.40,49.01,-0.10
52.35,51.20,52.65,51.15,63.95,2.35
51.15,51.50,52.05,50.90,42.30,-0.29
51.30,50.60,51.80,50.55,52.35,1.38
50.60,50.90,51.10,49.92,38.59,-0.49
50.85,51.50,51.90,50.60,53.80,-1.07
51.40,50.00,51.70,49.64,77.17,4.51
49.18,48.58,49.40,48.26,58.23,1.44
48.48,49.50,49.66,48.12,55.35,0.17
48.40,48.04,48.70,47.44,55.83,2.41
47.26,47.70,48.78,47.10,78.26,0.30
47.12,47.50,48.04,46.92,38.10,-0.72
47.46,48.48,48.64,47.10,39.02,-1.94
48.40,48.68,49.44,48.30,58.15,0.21
48.30,47.86,48.78,47.60,54.71,0.46
48.08,47.66,48.40,47.20,53.82,0.97
47.62,47.68,48.42,47.16,46.52,0.17
47.54,47.14,48.46,46.22,76.69,1.41
46.88,47.76,47.84,46.64,31.07,-1.26
47.48,46.94,47.90,46.48,57.48,1.15
46.94,48.20,48.58,46.80,52.58,-1.47
47.64,47.64,48.24,47.38,43.66,0.42
47.44,47.62,47.92,46.82,33.67,-0.04
47.46,46.66,47.58,46.56,43.86,1.85
46.60,46.74,47.26,45.92,39.34,-0.64
46.90,45.44,47.12,45.14,46.54,4.27
44.98,44.96,45.32,44.26,36.85,0.45
44.78,43.16,45.66,43.16,40.09,4.09
43.02,43.64,44.20,42.90,42.36,-1.15
43.52,44.60,44.94,43.12,47.96,-1.49
44.18,45.60,46.10,43.86,39.46,-3.11
45.60,47.62,47.78,45.60,29.28,-4.24
47.62,46.02,47.80,45.82,45.27,3.48
46.02,48.40,48.40,46.02,36.92,-4.92
48.40,47.52,49.06,46.74,49.62,1.85
47.52,49.60,50.40,47.50,48.43,-4.19
49.60,46.64,49.96,46.64,82.71,6.44
46.60,45.74,47.32,45.64,39.38,2.73
45.36,45.78,46.40,45.36,39.40,-1.00
45.82,46.18,46.38,45.18,37.64,-0.78
46.18,46.20,46.90,45.68,44.54,0.00
46.18,46.92,47.74,45.88,43.11,-1.37
46.82,47.30,47.52,45.94,45.76,-1.01
47.30,49.70,49.98,47.30,60.27,-4.60
49.58,49.20,50.40,48.98,48.78,0.98
49.10,48.62,49.66,48.12,59.97,1.24
48.50,49.48,49.62,47.98,31.51,-0.70
48.84,47.66,49.56,47.64,65.55,1.75
48.00,48.60,49.16,47.90,44.13,-1.11
48.54,49.38,49.86,48.12,45.80,-1.74
49.40,48.00,49.64,48.00,66.61,3.35
47.80,46.60,48.32,45.50,79.16,2.75
46.52,46.02,47.84,46.00,69.03,0.69
46.20,46.06,47.52,45.80,84.59,-0.37
46.37,44.32,46.37,44.00,79.28,4.17
44.52,42.42,45.01,42.40,87.68,5.64
42.14,41.68,42.48,41.56,33.80,1.15
41.66,40.92,41.92,40.92,37.28,1.80
40.92,41.40,41.66,40.64,30.79,-0.77
41.24,41.10,41.66,40.66,36.39,0.49
41.04,42.08,42.22,40.92,27.92,-2.47
42.08,42.50,43.12,41.86,31.55,-1.22
42.60,42.48,42.74,41.66,37.10,-0.51
42.82,43.22,43.54,42.74,46.17,-0.65
43.10,44.26,44.56,42.80,41.84,-2.62
44.26,43.80,44.94,43.74,49.06,2.12
43.34,43.12,43.86,42.70,62.03,0.05
43.32,41.52,43.68,41.36,86.19,4.48
41.46,41.56,41.88,39.92,43.26,0.48
41.26,41.86,42.38,40.94,50.97,-1.29
41.80,41.68,42.46,41.22,50.21,0.00
41.80,41.12,41.84,40.14,43.55,1.01
41.38,39.98,42.02,39.37,73.24,4.59
39.57,41.78,42.44,38.69,83.80,-5.48
41.86,40.86,42.12,40.66,53.69,2.79
40.72,40.08,41.32,39.55,53.92,1.69
40.04,41.04,42.64,39.51,102.13,-2.38
41.02,39.65,41.44,39.63,85.69,3.53
39.63,41.58,41.76,39.57,56.64,-2.98
40.84,40.42,40.98,40.10,45.58,1.04
40.42,42.54,42.74,40.42,60.47,-4.93
42.52,42.84,43.92,42.52,93.50,-1.16
43.02,41.90,44.00,41.88,175.34,2.67
41.90,43.12,43.38,41.60,74.38,-2.10
42.80,42.92,43.96,42.48,132.73,-2.28
43.80,41.54,44.26,41.54,236.32,7.23
40.84,40.94,41.58,40.68,39.23,-1.78
41.58,40.56,41.70,39.86,76.08,2.66
40.50,41.12,41.38,40.50,46.41,-1.74
41.22,41.46,42.28,41.02,60.20,-0.58
41.46,40.76,41.96,40.76,78.34,1.81
40.72,40.34,41.16,40.20,58.90,1.19
40.24,40.42,40.98,40.16,44.69,-0.69
40.52,40.92,41.28,40.04,44.66,-0.98
40.92,42.50,42.52,40.72,60.83,-3.07
42.22,40.54,42.32,40.54,68.43,4.39
40.44,39.78,41.44,39.61,75.31,1.66
39.78,37.79,39.86,37.37,62.28,4.89
37.93,39.53,39.90,37.93,53.07,-4.04
39.53,38.37,39.98,38.11,84.33,3.02
38.37,40.42,40.46,38.37,57.03,-5.83
40.74,41.68,42.30,40.52,81.37,-2.11
41.62,41.16,41.62,39.47,68.82,0.97
41.22,42.34,42.72,40.82,69.79,-3.41
42.68,41.58,42.98,40.78,103.17,2.99
41.44,43.58,43.88,41.24,80.39,-4.55
43.42,41.92,43.46,41.60,127.51,3.57
41.92,41.18,42.88,40.74,145.72,1.99
41.10,38.93,42.02,38.87,262.03,6.96
38.43,38.49,38.51,37.77,55.30,-0.16
38.49,38.93,39.23,38.33,80.33,-0.41
38.65,38.65,39.27,38.37,70.19,0.52
38.45,38.63,39.43,38.33,102.37,-0.31
38.57,39.35,39.72,38.19,63.30,-1.83
39.29,38.03,39.53,38.03,114.59,4.18
37.71,36.93,38.31,36.63,83.35,2.11
36.93,36.43,38.60,36.43,186.40,1.72
36.31,36.58,37.28,36.18,104.43,-0.61
36.53,36.86,37.03,36.01,69.58,-0.88
36.86,35.01,37.20,34.83,103.06,4.53
35.26,37.05,37.35,34.91,94.95,-4.66
36.98,37.78,37.83,36.98,91.26,-0.54
37.18,38.08,38.48,37.18,136.10,-5.70
39.43,38.98,39.87,38.23,99.24,1.41
38.88,39.67,40.50,38.58,111.41,-0.70
39.15,37.38,39.38,37.28,143.99,4.74
37.38,38.75,40.20,36.86,174.97,-3.35
38.68,37.60,39.03,37.48,97.01,1.97
37.93,39.20,39.35,37.75,86.35,-3.06
39.13,39.33,39.70,38.53,93.38,2.22
38.28,38.23,38.60,37.53,103.36,0.26
38.18,39.33,39.63,37.88,124.22,-2.80
39.28,37.38,39.28,37.20,158.41,5.57
37.20,37.18,38.60,36.66,177.63,-0.07
37.23,37.43,38.15,37.10,134.67,-0.07
37.25,36.88,37.73,36.68,146.45,1.91
36.56,37.40,37.73,36.43,127.18,-1.41
37.08,35.41,37.23,35.06,153.63,4.80
35.38,35.08,36.53,34.31,184.74,0.85
35.08,36.13,36.63,34.46,118.18,-2.63
36.03,36.53,36.63,35.33,101.94,-1.97
36.76,36.93,37.23,35.76,152.61,2.86
35.73,34.66,35.81,34.01,174.49,3.02
34.68,37.43,38.53,34.68,259.39,-6.08
36.93,34.91,37.68,34.58,225.62,6.47
34.68,34.31,35.76,33.39,216.33,2.21
33.94,31.39,34.61,31.39,330.15,7.42
31.59,31.39,32.06,30.99,137.30,-0.16
31.64,31.89,32.19,31.07,152.84,2.92
30.74,30.69,30.99,30.34,127.67,4.32
29.47,29.09,29.99,29.00,103.59,0.77
29.24,29.82,30.12,29.24,100.30,-1.51
29.69,29.72,30.17,28.55,140.41,-0.08
29.72,28.97,29.87,28.57,165.16,4.02
28.57,27.90,28.70,27.57,123.34,5.14
27.17,27.20,27.25,26.95,27.65,-0.73
27.37,26.55,27.45,26.50,76.55,3.69
26.40,26.25,26.45,25.63,71.72,2.82
25.68,24.50,25.68,24.11,97.85,5.00
24.45,24.25,25.08,24.16,87.86,1.07
24.19,24.60,24.98,24.12,79.87,-2.06
24.70,26.15,26.20,24.60,61.36,-5.80
26.23,26.65,27.15,26.20,76.74,-0.66
26.40,26.10,26.47,25.95,55.00,1.24
26.08,25.95,26.70,25.45,85.25,0.48
25.95,27.02,27.12,25.88,81.99,-3.97
27.02,27.95,28.25,26.97,90.21,-2.61
27.75,27.45,27.90,26.90,106.55,1.83
27.25,26.97,27.37,26.43,112.85,0.55
27.10,26.62,27.30,26.45,161.01,4.32
25.98,26.15,27.30,25.98,182.04,1.86
25.50,24.95,25.68,24.88,103.20,4.16
24.48,24.36,24.84,24.25,134.44,2.85
23.80,23.79,24.39,23.74,68.83,0.42
23.71,24.41,24.64,23.51,110.75,-3.06
24.45,24.50,25.25,24.06,171.00,1.87
24.00,23.01,24.00,22.57,117.42,9.97
21.83,20.08,22.09,20.08,122.83,8.70
20.08,20.25,20.37,19.86,46.19,-0.54
20.19,20.57,20.73,20.01,50.11,-1.99
20.60,20.72,21.04,20.51,47.86,-0.77
20.76,21.16,21.45,20.37,66.82,-1.38
21.05,21.69,21.74,20.72,54.76,-2.54
21.60,21.40,22.02,21.28,90.36,1.22
21.34,20.35,21.45,20.31,93.56,5.53
20.22,20.59,22.03,20.09,115.82,-1.79
20.59,20.98,21.21,20.12,66.77,-1.67
20.94,19.47,21.16,19.46,111.26,7.53
19.47,20.01,20.17,19.35,33.07,-2.55
19.98,20.78,21.12,19.89,65.02,-3.84
20.78,20.41,20.98,20.08,44.27,3.07
20.16,20.96,21.11,20.04,38.15,-3.81
20.96,20.96,21.76,20.76,48.50,-0.90
21.15,21.52,21.67,20.42,71.37,-1.72
21.52,22.32,22.56,21.48,58.28,-3.58
22.32,23.65,23.79,21.98,55.59,-5.57
23.64,24.15,24.53,23.64,61.63,-2.23
24.17,24.85,25.03,24.15,61.89,-2.93
24.90,25.70,25.93,24.85,33.95,-2.92
25.65,26.05,26.45,25.63,40.19,-1.06
25.93,26.03,26.18,25.80,14.09,-1.98
26.45,25.85,26.90,25.50,56.69,2.32
25.85,26.43,27.12,25.80,55.18,-0.48
25.98,26.52,26.72,25.90,52.51,-1.61
26.40,26.97,27.35,26.35,42.18,-1.95
26.92,27.52,27.65,26.92,57.24,-2.00
27.47,26.72,27.60,26.67,98.53,2.90
26.70,27.07,27.20,26.55,45.53,-1.02
26.97,26.15,27.12,26.15,49.77,3.64
26.03,26.38,26.60,26.00,35.90,-1.42
26.40,25.88,26.43,25.88,41.60,1.44
26.03,26.60,26.75,25.93,54.83,-1.97
26.55,25.55,26.55,25.38,66.29,4.21
25.48,25.75,25.80,24.67,81.02,-1.73
25.93,26.57,26.80,25.85,76.94,-1.89
26.43,27.07,27.42,26.40,75.13,-2.40
27.07,26.57,27.07,26.08,68.17,1.88
26.57,28.30,28.45,26.57,60.08,-6.00
28.27,28.35,28.57,27.70,69.74,0.62
28.10,28.27,28.77,27.87,69.56,-0.53
28.25,27.25,28.25,27.15,65.09,2.91
27.45,26.77,27.45,26.40,73.01,3.19
26.60,27.72,28.10,26.60,102.22,-3.88
27.67,28.35,29.07,27.57,143.02,-3.31
28.62,28.30,28.82,28.15,144.88,2.05
28.05,27.85,28.12,27.25,71.74,1.63
27.60,28.87,28.87,27.27,112.83,-4.57
28.92,28.47,29.49,28.45,198.72,1.93
28.37,28.45,28.92,28.17,90.55,0.26
28.30,28.92,29.27,28.25,98.63,-2.66
29.07,28.70,29.17,28.37,135.71,2.28
28.42,27.77,28.50,27.57,84.35,1.88
27.90,28.15,28.85,27.80,96.84,0.36
27.80,27.37,28.10,27.30,72.42,2.01
27.25,27.35,27.80,26.25,87.78,-1.36
27.62,27.55,28.60,27.55,137.56,-0.27
27.70,28.25,28.40,27.60,84.50,0.54
27.55,27.70,28.10,27.20,76.80,-0.45
27.67,26.60,27.67,25.85,85.70,4.03
26.60,27.17,27.45,26.45,52.71,-1.93
27.12,27.47,27.67,26.92,43.75,-1.18
27.45,27.15,28.12,26.90,86.43,1.10
27.15,27.17,28.25,26.97,124.19,-0.64
27.32,28.00,28.05,26.87,71.81,-2.06
27.90,27.72,28.77,27.47,82.37,-1.84
28.42,31.69,31.69,28.05,142.40,-2.15
29.05,27.45,29.05,26.75,94.41,9.92
26.43,28.90,29.34,26.43,170.92,-9.95
29.34,27.97,30.17,26.57,30.41,2.35
28.67,26.67,28.85,26.35,167.60,7.48
26.67,26.65,27.40,24.52,233.36,0.75
26.47,28.42,28.75,26.47,129.45,-6.60
28.35,29.27,29.72,28.35,156.79,-3.81
29.47,30.72,30.84,29.47,108.80,-4.06
30.72,30.14,30.99,29.59,207.72,0.98
30.42,30.77,31.52,30.39,206.50,-1.14
30.77,31.39,31.39,29.42,169.86,-2.14
31.44,30.34,31.44,29.17,204.10,3.45
30.39,31.47,31.86,29.94,140.80,-2.48
31.17,31.09,31.44,30.59,110.10,1.22
30.79,31.09,31.62,30.57,192.09,-2.14
31.47,31.04,32.16,30.59,298.10,7.05
29.39,29.00,29.62,28.52,168.26,1.64
28.92,27.70,29.07,27.70,146.99,4.89
27.57,27.65,28.85,27.10,199.43,-1.16
27.90,27.30,28.20,25.95,221.16,5.87
26.35,29.05,29.74,26.25,203.95,-9.20
29.02,29.49,30.34,28.60,237.56,-1.61
29.49,32.19,32.44,28.95,217.60,-6.04
31.39,29.42,32.01,28.20,297.53,6.79
29.39,32.76,33.09,29.39,209.64,-9.59
32.51,34.48,34.51,32.31,221.44,-5.72
34.48,32.46,34.78,32.21,263.51,6.97
32.24,31.44,32.44,31.32,188.73,3.94
31.02,29.64,31.59,29.62,358.11,5.70
29.34,29.14,29.74,28.90,127.07,0.68
29.14,28.95,29.32,28.02,184.65,0.78
28.92,29.57,29.77,28.82,125.53,-2.11
29.54,29.34,30.02,29.24,156.31,2.07
28.95,29.07,29.57,28.77,103.90,-0.17
29.00,29.72,29.97,28.75,132.60,-1.94
29.57,30.54,30.77,29.37,201.40,-2.87
30.44,29.67,31.07,29.39,298.38,2.61
29.67,29.19,30.24,29.12,180.22,2.68
28.90,29.24,29.57,28.65,147.50,-0.69
29.09,29.19,29.94,27.97,272.78,3.37
28.15,29.62,30.64,28.15,294.44,-4.97
29.62,29.94,30.97,29.19,274.09,0.85
29.37,27.00,29.37,26.87,269.39,10.00
26.70,25.80,27.35,25.60,253.71,3.68
25.75,24.68,25.75,24.28,235.05,4.50
24.64,25.25,26.03,24.06,281.60,0.69
24.47,24.85,25.45,24.28,173.26,-1.49
24.84,23.66,25.15,23.26,252.69,5.82
23.48,23.88,24.79,22.93,281.58,-1.47
23.82,24.49,24.58,23.69,175.58,-1.61
24.21,23.34,24.49,23.22,237.30,3.76
23.34,23.57,23.70,23.06,158.06,-0.55
23.47,24.21,24.52,23.40,211.46,-2.45
24.05,22.91,24.10,22.77,270.88,5.01
22.91,21.99,23.73,21.87,326.86,4.37
21.95,21.33,22.18,20.75,232.86,3.24
21.26,20.86,21.38,20.67,230.45,2.45
20.75,19.98,20.75,19.92,240.46,4.68
19.82,20.22,20.53,19.64,158.70,-1.00
20.02,19.99,20.85,18.99,322.46,0.70
19.88,20.66,20.81,19.68,180.09,-2.68
20.43,20.96,21.60,20.22,275.99,-1.34
20.71,19.33,21.13,19.28,341.26,7.31
19.30,19.13,20.11,19.07,312.31,2.16
18.89,18.74,19.21,18.43,242.36,0.79
18.74,17.98,19.26,17.91,419.79,4.31
17.97,17.79,18.47,17.53,334.22,1.46
17.71,17.59,18.17,17.51,264.84,1.54
17.44,17.21,17.62,17.08,221.55,1.80
17.13,17.84,17.96,17.07,267.15,-3.85
17.82,16.60,18.09,16.51,464.58,7.62
16.56,16.05,16.75,16.02,224.81,3.48
16.00,15.83,16.12,15.74,103.50,1.32
15.79,15.89,16.02,15.79,36.05,-1.73
16.07,16.57,16.59,16.01,128.62,-2.59
16.50,15.96,16.50,15.93,204.73,4.14
15.84,15.90,16.17,15.73,177.62,0.06
15.83,15.87,16.11,15.78,121.28,0.13
15.81,16.14,16.18,15.81,119.90,-2.09
16.15,16.40,16.50,16.00,190.70,-0.73
16.27,16.74,17.01,16.27,169.46,-2.15
16.63,16.40,16.87,16.20,249.00,2.39
16.24,15.56,16.46,15.47,269.64,5.01
15.46,15.64,15.73,15.42,103.60,0.19
15.43,15.72,15.81,15.35,133.44,-1.71
15.70,16.39,16.51,15.63,190.11,-1.98
16.02,16.32,16.32,15.97,154.28,-1.59
16.28,15.79,16.29,15.79,209.80,4.13
15.63,15.66,16.03,15.57,193.73,0.13
15.61,15.50,15.86,15.45,129.67,1.55
15.38,15.69,15.78,15.22,132.53,-1.15
15.55,15.92,16.20,15.47,176.59,-1.76
15.83,14.66,15.88,14.66,187.73,8.81
14.55,14.90,14.94,14.42,128.20,-2.01
14.85,14.40,15.26,14.16,268.27,4.04
14.27,14.70,14.95,14.21,111.18,-3.17
14.74,15.02,15.32,14.70,110.99,-1.59
14.98,14.90,15.35,14.80,121.40,0.20
14.95,15.39,15.45,14.91,92.05,-2.65
15.36,15.45,15.73,15.26,143.96,-0.51
15.43,15.30,16.12,15.15,290.32,1.04
15.28,15.16,15.58,14.40,271.22,1.12
15.11,16.84,17.03,15.11,211.13,-10.00
16.79,16.82,17.52,16.54,353.24,-0.18
16.82,16.86,17.91,16.47,630.45,2.61
16.39,14.73,16.39,14.21,372.34,10.00
14.90,16.79,16.98,14.90,508.45,-6.95
16.01,14.89,16.01,14.65,393.81,9.96
14.56,14.01,14.79,14.01,286.15,4.56
13.92,14.40,14.77,13.81,242.44,-2.16
14.23,14.03,14.58,13.93,244.88,1.63
14.00,14.45,14.73,13.74,262.50,-2.02
14.29,13.64,14.42,13.64,288.77,5.65
13.53,12.68,13.61,12.66,233.92,7.08
12.63,12.89,13.05,12.63,116.25,-2.38
12.94,13.29,13.42,12.94,110.91,-1.51
13.14,13.29,13.45,13.02,101.97,-0.90
13.26,13.10,13.84,12.98,337.09,1.91
13.01,12.63,13.08,12.59,187.60,3.31
12.59,13.00,13.10,12.56,143.60,-2.39
12.90,12.84,13.18,12.83,228.44,0.70
12.81,12.68,12.96,12.54,159.74,1.02
12.68,12.95,13.05,12.60,136.94,-1.47
12.87,12.44,12.89,12.17,285.24,4.35
12.34,12.02,12.36,11.97,143.96,3.33
11.94,12.19,12.22,11.56,118.79,-1.72
12.15,12.32,12.42,12.13,95.13,-0.41
12.20,12.01,12.30,11.84,154.21,1.91
11.97,12.04,12.20,11.95,83.00,0.42
11.92,11.84,11.98,11.82,58.95,0.17
11.90,12.00,12.12,11.79,74.65,-0.17
11.92,11.74,11.98,11.74,82.14,1.87
11.70,11.67,11.81,11.58,107.17,0.77
11.61,11.66,11.71,11.60,54.75,0.78
11.52,11.31,11.61,11.30,82.25,2.11
11.28,11.48,11.51,11.25,68.39,-1.56
11.46,11.06,11.46,11.05,99.99,3.96
11.02,11.00,11.09,10.91,50.05,0.45
10.98,11.20,11.22,10.95,50.88,-1.07
11.09,11.08,11.26,11.05,56.23,0.36
11.05,11.18,11.25,11.04,42.60,-0.98
11.16,11.10,11.23,11.07,53.31,0.54
11.10,11.12,11.25,11.05,55.55,0.18
11.08,11.03,11.18,11.03,70.39,0.63
11.01,11.11,11.16,10.98,52.16,-0.54
11.07,10.89,11.09,10.87,54.20,1.46
10.92,10.90,10.98,10.85,44.65,1.67
10.74,10.92,10.96,10.73,47.76,-1.55
10.91,11.02,11.04,10.81,39.64,-1.08
11.02,10.95,11.06,10.92,18.88,0.54
10.97,10.95,11.03,10.85,40.61,0.18
10.95,10.82,10.97,10.70,69.64,1.85
10.75,11.22,11.32,10.72,78.70,-3.22
11.10,11.41,11.49,11.08,68.34,-2.27
11.36,11.31,11.61,11.31,71.05,0.09
11.35,11.23,11.56,11.02,122.53,0.79
11.26,11.92,11.93,11.19,120.54,-2.24
11.52,11.96,11.98,11.37,93.39,-2.77
11.85,11.91,12.02,11.70,99.64,-2.85
12.20,11.64,12.36,11.64,200.37,5.41
11.57,11.80,11.95,11.54,65.78,-1.85
11.79,11.93,11.98,11.79,62.08,-1.82
12.01,11.90,12.10,11.88,73.45,1.25
11.86,11.62,11.89,11.55,68.16,2.60
11.56,11.35,11.59,11.33,63.03,2.12
11.32,11.58,11.63,11.21,62.74,-2.16
11.57,11.64,11.74,11.55,63.45,-0.09
11.58,11.39,11.67,11.35,81.79,2.12
11.34,11.47,11.61,11.33,54.02,-1.90
11.56,11.67,11.77,11.52,68.79,-1.95
11.79,11.63,11.81,11.49,79.27,1.38
11.63,12.32,12.37,11.57,99.33,-5.06
12.25,12.37,12.43,12.18,71.13,-0.81
12.35,12.20,12.48,12.20,106.96,1.98
12.11,12.41,12.43,12.10,74.73,-2.02
12.36,12.47,12.51,12.31,84.01,-0.24
12.39,12.23,12.43,12.15,128.99,1.81
12.17,12.06,12.29,12.02,148.98,1.16
12.03,11.86,12.14,11.84,173.57,2.91
11.69,11.96,11.98,11.67,73.84,-2.01
11.93,11.80,11.99,11.79,117.62,1.36
11.77,11.51,11.86,11.51,135.68,2.62
11.47,11.81,11.84,11.46,88.43,-2.30
11.74,11.45,11.86,11.45,195.68,3.62
11.33,11.07,11.57,11.03,310.36,2.35
11.07,11.15,11.23,10.99,103.45,-0.98
11.18,11.39,11.40,11.18,95.91,-0.53
11.24,11.45,11.63,11.24,106.59,-1.58
11.42,11.40,11.55,11.33,100.36,1.42
11.26,11.71,11.80,11.23,179.78,-5.14
11.87,12.12,12.16,11.81,170.26,-1.33
12.03,11.91,12.12,11.80,161.90,1.86
11.81,11.98,12.07,11.79,92.12,-1.50
11.99,12.22,12.22,11.91,103.90,-2.28
12.27,12.41,12.43,12.22,107.24,0.66
12.19,12.45,12.46,12.02,104.53,-1.06
12.32,12.63,12.74,12.27,101.80,-1.52
12.51,12.61,12.69,12.30,131.94,-1.81
12.74,13.56,13.62,12.59,116.89,-5.14
13.43,13.26,13.58,13.01,135.62,0.00
13.43,14.10,14.33,13.40,227.75,-5.36
14.19,13.89,14.20,13.89,186.00,2.38
13.86,13.87,14.02,13.73,114.29,0.51
13.79,14.23,14.27,13.69,152.20,-1.57
14.01,13.74,14.14,13.65,189.15,2.26
13.70,13.85,13.87,13.69,63.32,-1.01
13.84,14.01,14.05,13.82,82.52,-0.14
13.86,13.95,14.26,13.64,210.55,0.22
13.83,13.88,14.07,13.65,156.87,-0.65
13.92,13.89,14.25,13.76,211.63,0.29
13.88,13.31,14.04,13.17,310.76,6.85
12.99,13.14,13.25,12.88,148.14,2.20
12.71,13.02,13.08,12.71,147.90,-1.85
12.95,12.76,13.06,12.68,303.25,2.70
12.61,12.49,12.68,12.49,202.07,2.27
12.33,12.06,12.37,12.00,132.78,2.66
12.01,12.19,12.25,11.94,91.76,-0.99
12.13,12.00,12.29,12.00,155.03,1.93
11.90,11.78,12.01,11.76,104.45,1.45
11.73,11.96,11.97,11.72,62.68,-1.10
11.86,11.83,11.98,11.71,76.05, 1.02
11.74,11.91,12.05,11.74,53.31,-1.34
11.90,12.16,12.20,11.85,61.05,-1.57
12.09,12.14,12.20,12.03,67.65,0.58
12.02,11.73,12.08,11.69,97.52,3.71
11.59,11.83,11.90,11.59,54.30,-2.03
11.83,11.71,11.93,11.69,72.94,1.46
11.66,11.99,12.11,11.63,55.99,-2.18
11.92,11.95,12.22,11.83,61.53,-0.58
11.99,12.14,12.24,11.94,47.52,-0.99
12.11,12.17,12.47,12.09,75.16,-0.33
12.15,12.49,12.66,12.11,111.70,-2.33
12.44,13.11,13.15,12.39,115.00,-3.57
12.90,12.07,13.13,12.00,209.81,6.70
12.09,12.14,12.29,11.72,134.41,0.42
12.04,11.90,12.32,11.90,128.08,1.60
11.85,11.54,12.14,11.52,178.41,3.77
11.42,11.79,11.93,11.36,150.49,-4.36
11.94,11.20,11.94,11.17,188.17,7.86
11.07,10.08,11.09,10.03,124.74,8.32
10.22,9.50,10.30,9.49,93.57,8.72
9.40,9.65,10.03,9.40,75.92,-10.05
10.45,10.74,10.77,10.45,44.62,-2.25
10.69,10.48,10.75,10.41,61.53,-0.65
10.76,10.91,10.99,10.64,65.62,-0.19
10.78,10.87,10.94,10.62,46.94,-0.19
10.80,11.11,11.13,10.79,90.83,-2.53
11.08,10.85,11.14,10.83,122.90,2.31
10.83,10.94,11.02,10.78,95.46,-0.37
10.87,10.86,11.08,10.47,197.46,0.46
10.82,10.44,10.86,10.32,87.93,2.56
10.55,10.66,10.73,10.51,50.22,-0.85
10.64,10.59,10.75,10.56,62.48,1.43
10.49,10.48,10.63,10.36,71.43,0.10
10.48,10.19,10.50,9.97,59.45,2.64
10.21,10.36,10.39,10.13,41.53,-1.07
10.32,10.49,10.67,10.20,60.11,-2.46
10.58,10.78,10.86,10.52,54.39,-1.12
10.70,10.85,10.94,10.66,52.16,-0.47
10.75,11.02,11.10,10.71,50.04,-1.47
10.91,11.11,11.22,10.88,60.79,-1.71
11.10,10.49,11.10,10.44,80.09,4.42
10.63,10.60,10.79,10.55,49.70,0.95
10.53,10.47,10.62,10.16,60.53,1.35
10.39,11.09,11.21,10.38,81.10,-6.40
11.10,11.13,11.22,10.98,55.85,-0.98
11.21,11.60,11.66,11.03,87.78,-2.94
11.55,11.33,11.60,10.99,105.70,1.85
11.34,12.04,12.16,11.34,74.12,-5.89
12.05,12.20,12.39,12.05,103.95,0.33
12.01,12.08,12.11,11.83,76.70,-0.66
12.09,12.04,12.39,12.00,150.17,0.58
12.02,12.13,12.20,11.94,71.04,0.67
11.94,12.20,12.23,11.66,118.26,-0.83
12.04,11.78,12.31,11.75,143.42,3.17
11.67,11.67,11.78,11.41,64.61,0.86
11.57,11.32,11.82,11.28,118.43,1.05
11.45,11.20,11.49,11.01,89.89,2.32
11.19,10.96,11.33,10.87,106.16,3.13
10.85,10.44,10.85,10.37,61.06,4.43
10.39,10.59,10.62,10.31,38.04,-1.14
10.51,10.92,11.03,10.46,57.87,-2.41
10.77,10.45,10.88,10.16,78.24,2.28
10.53,10.96,11.05,10.37,52.64,-3.04
10.86,10.94,11.25,10.69,93.72,0.93
10.76,9.91,10.76,9.85,80.72,9.02
9.87,10.15,10.30,9.29,101.53,-1.20
9.99,10.30,10.89,9.88,113.31,-7.84
10.84,12.42,12.93,10.84,73.27,-9.97
12.04,12.09,12.75,11.03,120.48,-1.71
12.25,13.83,14.46,12.25,169.11,-9.93
13.60,12.84,13.61,12.76,170.13,7.09
12.70,13.23,13.23,12.66,119.57,-2.53
13.03,13.07,13.24,12.83,102.45,1.64
12.82,12.31,13.02,12.27,202.47,5.17
12.19,12.50,12.58,11.96,139.11,-2.17
12.46,12.02,12.88,12.00,252.20,4.79
11.89,11.59,12.20,11.57,222.90,3.57
11.48,11.33,11.63,11.14,215.51,2.41
11.21,11.02,11.35,10.79,115.32,2.56
10.93,10.99,11.10,10.92,83.05,0.28
10.90,10.94,11.16,10.88,108.78,0.28
10.87,10.99,11.23,10.69,197.95,0.46
10.82,11.34,11.67,10.55,310.69,-4.33
11.31,10.43,11.31,10.41,168.60,9.91
10.29,10.45,10.65,10.21,126.53,-2.83
10.59,10.53,10.95,10.46,173.65,1.34
10.45,9.70,10.49,9.70,152.00,8.85
9.60,9.32,9.64,9.32,163.09,3.34
9.29,9.46,9.48,9.21,62.04,-0.32
9.32,9.29,9.48,9.28,82.37,1.41
9.19,8.95,9.26,8.90,157.49,2.91
8.93,8.78,8.93,8.78,67.44,1.71
8.78,8.89,8.95,8.78,94.97,-1.13
8.88,8.67,8.96,8.66,128.62,3.74
8.56,8.51,8.59,8.49,79.14,1.06
8.47,8.40,8.61,8.40,112.30,0.59
8.42,8.48,8.52,8.33,82.25,-0.71
8.48,8.36,8.57,8.34,122.01,1.68
8.34,8.25,8.44,8.25,116.16,1.21
8.24,8.25,8.30,8.17,90.02,0.24
8.22,08.08,8.23,08.04,87.70,2.75
8.00,08.04,8.15,7.65,71.05,-0.50
08.04,8.11,8.17,08.03,33.22,-0.99
8.12,8.12,8.20,08.07,55.15,0.25
8.10,8.13,8.15,8.10,21.55,-0.25
8.12,8.15,8.18,08.06,121.76,-2.87
8.36,8.26,8.45,8.26,81.36,1.70
8.22,8.13,8.29,8.13,79.23,-0.12
8.23,8.19,8.33,8.15,98.21,0.49
8.19,08.02,8.20,7.99,87.31,1.99
08.03,8.10,8.14,8.00,91.94,-0.62
08.08,08.03,8.16,08.03,58.94,0.75
08.02,08.08,8.11,7.91,89.87,-1.35
8.13,8.20,8.22,08.02,86.64,-0.49
8.17,08.04,8.24,08.04,141.07,1.74
08.03,08.08,8.21,08.01,170.14,-0.25
08.05,7.74,8.14,7.74,169.05,3.21
7.80,7.80,7.87,7.76,65.94,0.39
7.77,7.68,7.81,7.59,143.68,1.70
7.64,7.35,7.64,7.35,99.43,4.51
7.31,7.40,7.42,7.24,43.90,-1.62
7.43,7.53,7.54,7.42,35.78,-0.93
7.50,7.44,7.59,7.44,51.03,1.08
7.42,7.39,7.50,7.37,40.34,-0.54
7.46,7.27,7.48,7.25,53.28,2.61
7.27,7.24,7.30,7.22,21.89,0.83
7.21,7.24,7.27,7.17,18.30,-0.69
7.26,7.25,7.30,7.22,19.98,0.28
7.24,7.30,7.33,7.22,19.64,-1.36
7.34,7.31,7.42,7.30,29.41,0.00
7.34,7.28,7.34,7.23,19.37,1.10
7.26,7.37,7.40,7.25,33.29,-1.63
7.38,7.26,7.38,7.13,23.32,0.82
7.32,7.27,7.32,7.24,22.90,0.97
7.25,7.29,7.35,7.23,20.82,-0.28
7.27,7.37,7.43,7.27,34.83,-1.36
7.37,7.45,7.47,7.35,25.95,-1.07
7.45,7.45,7.50,7.43,16.37,0.00
7.45,7.57,7.59,7.44,19.77,-1.46
7.56,7.48,7.56,7.44,24.30,1.07
7.48,7.59,7.61,7.48,21.77,-1.45
7.59,7.73,7.75,7.59,20.69,-1.81
7.73,7.75,7.77,7.71,15.57,-0.13
7.74,7.75,7.77,7.67,24.01,-0.13
7.75,7.74,7.79,7.73,20.68,0.13
7.74,7.86,7.87,7.74,33.65,-1.15
7.83,7.82,7.88,7.76,31.99,0.51
7.79,7.76,7.83,7.71,40.05,0.78
7.73,7.75,7.89,7.71,48.43,-0.26
7.75,7.72,7.86,7.66,52.09,0.39
7.72,7.71,7.77,7.70,26.04,0.26
7.70,7.61,7.77,7.60,33.26,1.58
7.58,7.53,7.58,7.48,21.47,0.66
7.53,7.47,7.57,7.47,30.64,0.13
7.52,7.62,7.64,7.52,22.55,-1.05
7.60,7.60,7.61,7.52,23.96,0.00
7.60,7.61,7.71,7.58,21.13,-0.13
7.61,7.64,7.66,7.59,15.87,-0.39
7.64,7.60,7.68,7.58,24.30,1.33
7.54,7.84,7.87,7.54,47.17,-3.83
7.84,7.81,7.91,7.80,26.16,0.51
7.80,7.88,7.94,7.80,32.22,-0.89
7.87,7.89,7.94,7.80,28.44,-0.51
7.91,7.79,7.94,7.78,43.75,1.02
7.83,7.97,7.98,7.81,35.89,-1.76
7.97,7.89,7.97,7.82,90.30,0.76
7.91,7.67,7.92,7.66,100.85,3.53
7.64,7.49,7.66,7.49,63.73,1.60
7.52,7.36,7.57,7.36,68.00,2.73
7.32,7.27,7.37,7.24,40.06,0.69
7.27,7.17,7.32,7.15,32.73,1.25
7.18,7.11,7.20,07.09,24.77,0.70
7.13,07.05,7.16,07.05,10.29,0.00
7.13,7.12,7.20,07.06,19.00,-0.14
7.14,07.01,7.15,07.01,16.74,1.85
07.01,7.12,7.15,7.00,21.96,-1.41
7.11,7.28,7.30,07.08,30.21,-2.47
7.29,7.27,7.31,7.24,17.99,0.28
7.27,7.31,7.34,7.26,16.64,-0.82
7.33,7.30,7.38,7.30,21.42,0.41
7.30,7.39,7.43,7.30,24.42,-1.48
7.41,7.26,7.42,7.25,31.21,2.07
7.26,7.31,7.33,7.25,25.81,-0.95
7.33,7.25,7.33,7.24,21.89,1.10
7.25,7.37,7.39,7.24,32.49,-2.03
7.40,7.34,7.40,7.26,28.29,0.82
7.34,7.42,7.43,7.32,22.51,-0.94
7.41,7.52,7.52,7.39,24.30,-1.20
7.50,7.50,7.55,7.47,23.74,0.40
7.47,7.60,7.66,7.47,37.33,-1.19
7.56,7.57,7.60,7.50,26.66,0.67
7.51,7.38,7.51,7.37,40.28,2.18
7.35,7.47,7.50,7.33,30.36,-1.21
7.44,7.54,7.56,7.44,30.73,-1.85
7.58,7.64,7.66,7.57,24.10,-1.17
7.67,7.73,7.82,7.56,72.25,-1.54
7.79,7.77,7.85,7.75,43.61,1.30
7.69,7.77,7.86,7.69,77.68,-0.65
7.74,7.57,7.76,7.55,61.80,2.65
7.54,7.60,7.62,7.53,28.91,-0.79
7.60,7.62,7.65,7.55,40.07,-0.26
7.62,7.47,7.68,7.46,68.11,2.56
7.43,7.43,7.48,7.41,29.90,0.27
7.41,7.45,7.51,7.33,37.03,-0.27
7.43,7.36,7.45,7.36,25.94,0.13
7.42,7.39,7.50,7.37,48.36,1.09
7.34,7.41,7.42,7.32,23.53,-0.94
7.41,7.33,7.44,7.28,55.19,0.95
7.34,7.37,7.46,7.28,32.62,-0.94
7.41,7.31,7.42,7.27,31.60,2.21
7.25,7.62,7.64,7.25,60.64,-4.48
7.59,7.48,7.70,7.48,96.76,1.61
7.47,7.45,7.54,7.44,35.10,0.67
7.42,7.46,7.51,7.40,28.17,-0.54
7.46,7.49,7.55,7.46,26.66,-0.27
7.48,7.38,7.48,7.37,27.75,2.19
7.32,7.30,7.34,7.30,7.27,-0.41
7.35,7.38,7.43,7.33,26.97,-1.21
7.44,7.45,7.50,7.43,39.39,0.40
7.41,7.30,7.52,7.29,60.55,1.79
7.28,7.35,7.37,7.27,19.72,-0.95
7.35,7.36,7.37,7.25,22.40,0.00
7.35,7.46,7.47,7.35,24.90,-1.34
7.45,7.41,7.46,7.40,23.32,0.81
7.39,7.42,7.49,7.37,31.39,-0.14
7.40,7.37,7.50,7.37,28.12,0.82
7.34,7.57,7.57,7.34,36.10,-3.80
7.63,7.26,7.64,7.26,61.42,5.53
7.23,7.15,7.26,7.14,23.92,0.84
7.17,07.01,7.22,07.01,24.23,0.28
7.15,7.29,7.33,07.06,25.30,-2.72
7.35,7.34,7.44,7.27,20.20,-0.27
7.37,7.50,7.58,7.34,21.94,-1.73
7.50,7.41,7.57,7.41,22.12,0.54
7.46,7.54,7.56,7.43,19.78,-1.06
7.54,7.44,7.59,7.44,18.72,2.03
7.39,7.42,7.47,7.30,23.52,-0.40
7.42,7.41,7.46,7.31,23.34,-0.54
7.46,7.59,7.62,7.39,27.20,-1.84
7.60,7.72,7.75,7.60,22.75,-1.17
7.69,7.65,7.72,7.56,28.02,0.52
7.65,7.85,7.92,7.64,39.15,-2.67
7.86,7.76,7.98,7.76,53.48,2.88
7.64,7.62,7.65,7.53,22.20,0.26
7.62,7.39,7.62,7.39,39.48,3.39
7.37,7.40,7.46,7.35,28.40,-0.41
7.40,7.44,7.45,7.32,27.10,-0.67
7.45,7.33,7.50,7.33,35.01,1.78
7.32,7.49,7.55,7.24,37.76,-1.35
7.42,7.54,7.74,7.42,52.65,-1.59
7.54,7.47,7.61,7.38,61.99,1.75
7.41,7.18,7.49,6.74,83.43,2.07
7.26,7.71,7.81,7.26,64.74,-10.04
08.07,8.31,8.32,08.03,42.80,-3.00
8.32,8.42,8.49,8.30,40.49,-1.07
8.41,8.50,8.53,8.40,33.75,-1.06
8.50,8.54,8.58,8.49,30.21,-0.23
8.52,8.43,8.62,8.42,71.78,1.07
8.43,8.46,8.49,8.42,29.45,-0.24
8.45,8.53,8.58,8.44,58.80,-0.35
8.48,8.48,8.53,8.44,35.32,0.24
8.46,8.43,8.53,8.40,56.38,0.83
8.39,8.50,8.53,8.38,44.48,-1.18
8.49,8.45,8.66,8.43,87.98,0.24
8.47,8.47,8.51,8.43,37.38,-0.12
8.48,8.52,8.60,8.45,59.62,0.12
8.47,8.49,8.58,8.43,51.01,-0.24
8.49,8.43,8.53,8.41,42.08,1.43
8.37,8.22,8.48,8.21,59.68,-0.59
8.42,8.70,8.72,8.42,69.07,-1.86
8.58,8.75,8.83,8.56,138.37,1.90
8.42,8.68,8.76,8.40,78.77,-2.43
8.63,8.79,8.81,8.63,39.10,-1.26
8.74,8.56,8.75,8.56,53.68,2.22
8.55,8.64,8.69,8.55,34.34,-0.58
8.60,8.64,8.67,8.56,36.04,-0.23
8.62,8.80,8.83,8.56,42.35,-1.93
8.79,8.73,8.81,8.73,28.26,1.03
8.70,8.77,8.77,8.62,28.49,-0.80
8.77,8.85,8.92,8.76,31.12,-1.02
8.86,8.99,09.02,8.75,59.67,-0.45
8.90,8.72,09.02,8.71,124.22,2.30
8.70,8.76,8.80,8.67,41.25,0.00
8.70,8.79,8.85,8.68,35.98,-0.57
8.75,8.84,8.89,8.75,45.06,-1.02
8.84,8.63,8.87,8.63,102.25,2.55
8.62,8.63,8.72,8.58,42.14,0.35
8.59,8.58,8.64,8.51,35.94,0.70
8.53,8.63,8.71,8.50,44.79,-2.29
8.73,8.63,8.82,8.52,88.67,0.58
8.68,09.04,09.08,8.68,69.26,-3.98
09.04,8.96,09.05,8.90,48.45,0.89
8.96,9.14,9.19,8.95,38.71,-1.10
09.06,8.87,9.11,8.84,62.89,1.91
8.89,9.00,09.06,8.89,53.34,-0.89
8.97,9.11,9.12,8.97,37.58,-1.10
09.07,9.12,9.24,09.05,56.69,-0.11
09.08,8.96,9.12,8.84,50.18,1.34
8.96,9.10,9.14,8.93,45.83,-2.08
9.15,9.26,9.32,09.09,51.61,-0.87
9.23,9.34,9.38,9.17,57.52,-0.86
9.31,9.40,9.44,9.29,49.85,-0.21
9.33,9.34,9.53,9.25,99.05,-0.11
9.34,9.39,9.44,9.32,66.74,0.00
9.34,9.27,9.45,9.26,136.39,1.41
9.21,9.12,9.34,09.08,150.57,1.88
09.04,09.03,9.12,8.96,68.95,-0.11
09.05,09.04,9.17,09.02,73.85,0.67
8.99,09.07,9.11,8.97,69.23,-1.10
09.09,8.84,9.32,8.84,257.94,03.06
8.82,8.89,8.90,8.77,46.60,-0.68
8.88,8.92,8.93,8.87,27.72,0.11
8.87,8.91,8.96,8.85,44.22,-0.11
8.88,8.88,8.98,8.87,82.76,0.23
8.86,8.84,8.94,8.83,62.05,0.34
8.83,8.93,8.95,8.83,67.95,-0.56
8.88,8.77,9.12,8.68,206.00,1.02
8.79,8.80,8.87,8.77,33.92,-0.11
8.80,8.87,8.92,8.79,57.86,-0.11
8.81,8.78,8.97,8.77,137.48,0.46
8.77,8.95,8.97,8.76,77.21,-0.45
8.81,8.77,8.88,8.64,118.19,1.97
8.64,8.50,8.71,8.42,89.51,-0.58
8.69,8.81,8.86,8.65,53.22,-1.03
8.78,8.72,8.94,8.68,105.22,1.39
8.66,8.69,8.81,8.66,45.91,-0.35
8.69,8.72,8.81,8.66,33.05,-0.46
8.73,8.76,8.80,8.71,27.52,-0.68
8.79,8.80,8.82,8.74,36.47,0.00
8.79,8.87,8.99,8.73,55.41,-0.90
8.87,8.65,8.87,8.53,46.17,4.11
8.52,8.83,8.88,8.52,58.98,-4.48
8.92,09.04,09.05,8.88,40.66,-1.00
09.01,09.01,09.06,8.93,40.46,0.56
8.96,09.06,9.10,8.94,38.56,-0.67
09.02,8.99,9.12,8.95,48.77,0.78
8.95,09.05,9.18,8.87,75.58,-1.00
09.04,09.03,9.12,8.99,47.84,0.44
9.00,8.97,9.16,8.89,78.29,0.56
8.95,8.73,8.95,8.73,52.89,2.76
8.71,8.93,8.93,8.71,42.70,-2.79
8.96,9.10,9.16,8.95,46.12,-0.88
09.04,09.06,9.18,8.97,69.42,0.56
8.99,9.36,9.56,8.95,240.06,-1.86
9.16,8.93,9.24,8.91,170.72,3.04
8.89,8.77,8.99,8.71,65.36,0.79
8.82,8.87,8.97,8.75,94.77,2.44
8.61,8.58,8.64,8.54,49.22,0.35
8.58,8.58,8.67,8.51,64.18,0.12
8.57,8.65,8.79,8.54,64.51,0.35
8.54,8.73,8.79,8.44,86.58,-1.73
8.69,8.29,8.94,8.29,199.36,5.21
8.26,8.42,8.43,8.19,85.49,-3.73
8.58,8.52,8.80,8.44,70.01,0.23
8.56,8.43,8.56,8.34,73.46,1.78
8.41,8.85,8.85,8.41,77.18,-5.51
8.90,09.04,09.06,8.76,62.39,-1.55
09.04,8.92,9.11,8.87,106.07,1.46
8.91,8.99,9.00,8.91,38.86,-0.56
8.96,8.93,09.05,8.91,98.57,0.45
8.92,8.92,8.97,8.91,43.55,0.22
8.90,8.97,8.99,8.86,49.55,-0.45
8.94,8.89,9.00,8.83,73.13,0.56
8.89,8.88,8.94,8.84,55.74,0.34
8.86,8.90,09.02,8.82,78.10,-0.11
8.87,8.93,8.99,8.87,52.49,-0.34
8.90,8.92,8.98,8.83,78.36,0.00
8.90,9.15,9.22,8.85,121.52,-2.41
9.12,09.07,9.20,09.05,101.48,0.11
9.11,9.22,9.28,9.11,65.28,-0.87
9.19,9.11,9.32,09.09,94.36,1.66
09.04,09.07,9.28,8.97,139.22,-0.77
9.11,9.50,9.76,9.11,182.27,-4.11
9.50,09.07,9.73,8.90,456.76,3.83
9.15,8.60,9.15,8.53,193.14,6.64
8.58,8.47,8.70,8.47,110.55,1.42
8.46,8.41,8.57,8.36,147.04,1.44
8.34,8.00,8.35,7.98,107.17,3.73
08.04,08.05,8.14,08.01,48.28,0.12
08.03,7.97,08.08,7.89,43.79,0.75
7.97,8.14,8.19,7.91,45.52,-2.09
8.14,8.23,8.24,8.14,29.16,-0.49
8.18,8.15,8.18,08.09,33.23,-0.12
8.19,8.24,8.24,8.15,28.24,-0.12
8.20,8.24,8.31,8.11,47.87,-0.24
8.22,8.20,8.29,8.19,43.00,0.61
8.17,8.21,8.22,8.13,27.93,-0.24
8.19,8.16,8.28,8.13,50.25,0.61
8.14,8.19,8.28,8.12,46.68,-0.61
8.19,8.34,8.39,8.18,49.66,-1.44
8.31,8.31,8.36,8.27,57.29,0.12
8.30,8.32,8.41,8.24,94.41,-0.12
8.31,8.17,8.49,8.17,167.11,1.84
8.16,8.27,8.34,8.16,83.27,-1.33
8.27,7.99,8.36,7.79,113.62,3.63
7.98,8.23,8.24,7.97,67.22,-3.04